method,lr,test_acc,train_loss
SGD+constant,0.001,0.5837777853012085,0.6801037192344666
SGD+constant,0.003,0.8230000138282776,0.4076201021671295
SGD+constant,0.01,0.9783333341280619,0.08666838705539703
SGD+constant,0.03,0.9888888796170553,0.034525406236449875
SGD+constant,0.1,0.9905555446942648,0.02138114037613074
SGD+constant,0.3,0.9808888832728068,0.04615848635633787
SGD+constant,1.0,0.3404444456100464,1.1177890300750732
SGD+cosine,0.001,0.5599999825159708,0.8106796741485596
SGD+cosine,0.003,0.6186666687329611,0.6207312146822611
SGD+cosine,0.01,0.9286666711171468,0.22569550077120462
SGD+cosine,0.03,0.9933333198229471,0.049927915136019387
SGD+cosine,0.1,0.9967777729034424,0.018964824577172596
SGD+cosine,0.3,0.9974444508552551,0.011445758864283562
SGD+cosine,1.0,0.48177777727444965,0.8995663126309713
SGD+wsd,0.001,0.5701111157735189,0.6972415645917257
SGD+wsd,0.003,0.7592222094535828,0.4611966808636983
SGD+wsd,0.01,0.9793333212534586,0.09906701743602753
SGD+wsd,0.03,0.9956666827201843,0.028724156320095062
SGD+wsd,0.1,0.9973333477973938,0.016147553299864132
SGD+wsd,0.3,0.9968888958295187,0.012329500479002794
SGD+wsd,1.0,0.34288889169692993,1.0991572539011638
Schedule-Free SGD,0.001,0.4712222218513489,1.077785571416219
Schedule-Free SGD,0.003,0.5896666646003723,1.0266553958257039
Schedule-Free SGD,0.01,0.5535555481910706,0.8282727003097534
Schedule-Free SGD,0.03,0.5924444595972697,0.6479430397351583
Schedule-Free SGD,0.1,0.9103333353996277,0.2574678758780162
Schedule-Free SGD,0.3,0.9929999907811483,0.04082345714171728
Schedule-Free SGD,1.0,0.9976666768391927,0.010898419034977755
HD-SGD,0.001,0.978333314259847,0.08689679205417633
HD-SGD,0.003,0.977222224076589,0.0845199500521024
HD-SGD,0.01,0.9822222193082174,0.0620829313993454
HD-SGD,0.03,0.9891111254692078,0.0336796206732591
HD-SGD,0.1,0.9912222226460775,0.020928822457790375
HD-SGD,0.3,0.9909999966621399,0.01978271050999562
HD-SGD,1.0,0.3796666661898295,1.0692203243573506
HD-WSD (ours),0.001,0.9929999907811483,0.05165183047453562
HD-WSD (ours),0.003,0.9935555458068848,0.044923845678567886
HD-WSD (ours),0.01,0.994777778784434,0.038749076426029205
HD-WSD (ours),0.03,0.9954444368680319,0.030509087567528088
HD-WSD (ours),0.1,0.9968888759613037,0.0214046494414409
HD-WSD (ours),0.3,0.9973333279291788,0.01415553130209446
HD-WSD (ours),1.0,0.995555559794108,0.01919644760588805
Prodigy,1.0,0.9977777798970541,0.007944913425793251
